chat,New chat session,2025-04-04T02:37:44.574Z
chat,please recommend some recipe,2025-04-04T02:38:00.345Z
chat,"Sorry, I encountered an error: Unexpected error: No columns to parse from file",2025-04-04T02:38:00.361Z
chat,New chat session,2025-04-04T02:43:37.938Z
chat,please recommend some healthy recipe,2025-04-04T02:44:10.609Z
chat,"```markdown
In modern nutrition, the core of a healthy diet is the balanced intake of various nutrients, while adjusting according to personal lifestyle and physical needs. Below, I’ve recommended three healthy recipes for you. They are not only delicious but also rich in nutrients, helping you maintain energy and a good physical state.

### Greek Spinach Pie

This dish uses spinach as the main ingredient, paired with feta cheese and eggs, making it rich in iron, calcium, vitamin K, and high-quality protein. The iron and folate in spinach help improve anemia, the cheese provides calcium to support bone health, and the eggs are a source of high-quality protein that aids in muscle repair and maintenance.

**Instructions:**
1. Blanch the spinach, chop it finely, and mix it with feta cheese, beaten eggs, and a pinch of salt.
2. Spread the mixture onto a pie crust and cover it with another layer of pie crust.
3. Preheat the oven to 180°C and bake for about 30 minutes until the surface turns golden brown.

This dish is suitable for people who need to replenish iron and alleviate fatigue, while also helping to relax the nerves.

---

### Spanish Potato Omelette

Potatoes are rich in complex carbohydrates, providing long-lasting energy; eggs offer protein, and onions contain antioxidants that help boost immunity. This omelette is simple to make and works well as a breakfast or energy-boosting meal.

**Instructions:**
1. Slice the potatoes and cook them until tender; slice the onions and set aside.
2. Heat olive oil in a frying pan, sauté the onions first, then add the potatoes.
3. Pour in the beaten eggs and cook until both sides are golden brown.

This dish helps replenish energy, alleviate fatigue, and also benefits skin health.

---

### Mexican Avocado Salad

Avocado is an excellent source of healthy fats, paired with tomatoes and lemon juice, which are rich in vitamin C and dietary fiber, aiding digestion and providing antioxidant benefits. The addition of olive oil and black pepper not only enhances the flavor but also provides more healthy fats and anti-inflammatory properties.

**Instructions:**
1. Cut the avocado into chunks, and dice the tomatoes and onions.
2. Combine all ingredients, and season with olive oil, lemon juice, salt, and black pepper.
3. Mix well and serve.

This refreshing salad is perfect for those who need to cool down, moisturize dryness, and relieve stress.

---

No matter which dish you choose, it’s recommended to pair it with other foods to ensure dietary diversity. If you have specific health concerns or symptoms, consult a doctor or nutritionist for more precise advice. Wishing you good health!
```",2025-04-04T02:44:10.638Z
chat,"please answer question, how to keep fit",2025-04-04T02:47:04.553Z
chat,"To maintain fitness and overall health, it’s essential to adopt a holistic approach that includes balanced nutrition, regular physical activity, and healthy lifestyle habits. Based on the recipes and principles shared earlier, here’s a more detailed and personalized guide to help you stay fit:

---

### **1. Balanced Nutrition**
A healthy diet is the foundation of fitness. The recipes provided earlier—Greek Spinach Pie, Spanish Potato Omelette, and Mexican Avocado Salad—are excellent examples of nutrient-dense meals. Here’s how you can expand on these ideas and tailor them to your needs:

#### **Personalized Tips:**
- **For Weight Management:** Focus on portion control and include more high-fiber, low-calorie foods like leafy greens, cucumbers, and zucchini. For example, you can modify the Greek Spinach Pie by using a whole-grain crust or skipping the crust entirely to reduce calorie intake.
- **For Muscle Building:** Increase your protein intake by adding lean meats, tofu, or legumes to your meals. For instance, pair the Spanish Potato Omelette with a side of grilled chicken or chickpeas.
- **For Energy Boost:** Incorporate complex carbohydrates like quinoa, brown rice, or sweet potatoes into your meals. You can add a small serving of quinoa to the Mexican Avocado Salad for sustained energy.

#### **Key Principles:**
- **Diversity:** Ensure your meals include a mix of macronutrients (carbohydrates, proteins, fats) and micronutrients (vitamins, minerals).
- **Hydration:** Drink plenty of water throughout the day. Add lemon or cucumber slices for flavor if needed.
- **Meal Timing:** Eat smaller, balanced meals every 3-4 hours to maintain energy levels and prevent overeating.

---

### **2. Regular Physical Activity**
Exercise is crucial for staying fit. Combine cardiovascular activities, strength training, and flexibility exercises for a well-rounded fitness routine.

#### **Personalized Tips:**
- **Beginners:** Start with low-impact exercises like walking, yoga, or swimming for 20-30 minutes a day.
- **Intermediate/Advanced:** Incorporate high-intensity interval training (HIIT), weightlifting, or running to challenge your body and build endurance.
- **Busy Schedule:** Try short, effective workouts like a 15-minute bodyweight circuit or a quick yoga session at home.

#### **Weekly Plan Example:**
- **Monday:** 30 minutes of brisk walking or jogging.
- **Tuesday:** Strength training (e.g., squats, push-ups, dumbbell exercises).
- **Wednesday:** Rest or light yoga for recovery.
- **Thursday:** HIIT workout (e.g., 20 seconds of intense exercise followed by 10 seconds of rest, repeated for 15 minutes).
- **Friday:** Core-focused exercises (e.g., planks, leg raises).
- **Saturday:** Outdoor activity (e.g., hiking, cycling).
- **Sunday:** Rest or gentle stretching.

---

### **3. Healthy Lifestyle Habits**
Fitness is not just about diet and exercise—it’s also about maintaining a balanced lifestyle.

#### **Personalized Tips:**
- **Sleep:** Aim for 7-9 hours of quality sleep each night. Poor sleep can hinder recovery and lead to weight gain.
- **Stress Management:** Practice mindfulness, meditation, or deep breathing exercises to reduce stress, which can impact your fitness goals.
- **Consistency:** Small, consistent efforts yield better results than sporadic bursts of activity. Set realistic goals and track your progress.

---

### **4. Tailoring to Your Needs**
If you have specific fitness goals or health concerns, consider the following:
- **Weight Loss:** Focus on a calorie deficit by eating nutrient-dense, lower-calorie foods and increasing physical activity.
- **Improved Stamina:** Incorporate more cardio exercises like running, cycling, or swimming.
- **Better Flexibility:** Dedicate time to yoga or stretching routines.
- **Chronic Conditions:** Consult a healthcare professional or nutritionist to create a plan tailored to your medical needs.

---

### **5. Practical Daily Routine Example**
Here’s how you can integrate these principles into your day:
- **Morning:** Start with a glass of water and a light breakfast like the Mexican Avocado Salad or oatmeal with fruits.
- **Mid-Morning:** Take a 10-minute walk or do some light stretching.
- **Lunch:** Enjoy a balanced meal like the Greek Spinach Pie with a side of fresh vegetables.
- **Afternoon:** Snack on a handful of nuts or a boiled egg for sustained energy.
- **Evening:** Do a 30-minute workout, followed by a protein-rich dinner like the Spanish Potato Omelette with a side of greens.
- **Night:** Wind down with a cup of herbal tea and 10 minutes of meditation.

---

By combining these strategies with the recipes and principles shared earlier, you can create a sustainable and enjoyable path to fitness. Remember, consistency and balance are",2025-04-04T02:47:04.603Z
chat,please recommend new recipe to keep fit,2025-04-04T02:47:32.716Z
chat,"Sorry, I encountered an error: Unexpected error: cannot unpack non-iterable NoneType object",2025-04-04T02:47:32.756Z
chat,please recommend new recipe to keep fit,2025-04-04T02:51:33.369Z
chat,"Sorry, I encountered an error: Unexpected error: cannot unpack non-iterable NoneType object",2025-04-04T02:51:33.415Z
chat,New chat session,2025-04-04T03:07:34.787Z
chat,please recommend some healthy recipe,2025-04-04T03:08:16.035Z
chat,"
A healthy diet is the cornerstone of maintaining bodily balance and preventing diseases. According to modern nutritional research, a well-balanced combination of ingredients not only provides the energy the body needs but also helps improve physical health through specific nutrients. For example, protein-rich foods aid in tissue repair, while fiber-rich foods promote digestive health. Below, I recommend three healthy and delicious dishes that are not only nutrient-dense but also cater to different health needs.

### Spanish Potato Omelette
This dish uses potatoes and eggs as its main ingredients, offering high-quality protein and complex carbohydrates to provide sustained energy. The potassium in potatoes helps regulate blood pressure, while the choline in eggs benefits brain function.

**Key Benefits**:
- Provides energy and alleviates fatigue
- Promotes muscle and bone health
- Relieves stress and aids sleep

**Instructions**:
1. Slice the potatoes and onions, then sauté them in olive oil until lightly golden.
2. Beat the eggs and season with a pinch of salt and black pepper.
3. Mix the sautéed potatoes and onions into the egg mixture, then pour it back into the pan and cook until both sides are golden brown.

---

### Mexican Avocado Salad
This refreshing salad features avocados, which are rich in healthy fats that support cardiovascular health. Tomatoes and lemon juice provide abundant vitamin C to boost immunity. The overall combination is low in calories yet high in nutrients, making it perfect for a light meal.

**Key Benefits**:
- Promotes bowel regularity and improves digestion
- Cools the body and relieves stress
- Provides antioxidant protection and slows aging

**Instructions**:
1. Dice the avocado, chop the tomatoes, and finely mince the onion.
2. Combine all ingredients and season with a drizzle of olive oil, lemon juice, salt, and black pepper.
3. Mix well and serve immediately.

---

### Greek Spinach Pie
Spinach pie is a classic Mediterranean dish. Spinach is rich in iron and folic acid, which help combat anemia, while feta cheese provides calcium and protein to support bone health. This dish is both delicious and nutritionally versatile.

**Key Benefits**:
- Improves blood health and alleviates fatigue
- Nourishes the body and enhances skin health
- Calms the nerves and boosts mood

**Instructions**:
1. Blanch the spinach, chop it finely, and mix it with feta cheese, minced onion, and beaten eggs.
2. Spread the mixture onto a layer of pastry, then cover with another layer of pastry and seal the edges.
3. Bake in a preheated oven at 180°C (356°F) for about 25 minutes, or until the surface is golden brown.

---

These three dishes are not only nutritionally balanced but also provide specific health benefits tailored to different needs. It is recommended to incorporate a variety of ingredients into your daily diet to maintain diversity, along with regular exercise and sufficient sleep. If you experience persistent health issues, consult a doctor or professional nutritionist promptly.
",2025-04-04T03:08:16.075Z
chat,New chat session,2025-04-04T03:40:11.955Z
chat,recommend a recipe include tomato,2025-04-04T03:41:18.748Z
chat,"
Tomatoes are a nutrient-rich ingredient, packed with vitamin C, lycopene, and dietary fiber, offering multiple health benefits. Modern medical research shows that lycopene is a powerful antioxidant that helps protect cardiovascular health, supports skin health, and boosts immune function. Additionally, the high water content and low-calorie nature of tomatoes make them an ideal healthy ingredient suitable for various dishes.

To meet your needs, I’ve recommended three recipes featuring tomatoes. These dishes are not only delicious but also provide diverse nutritional benefits, such as helping to clear heat, moisturize dryness, and replenish vitamins. Below are the specific recipes, along with their benefits and preparation methods:

### Mexican Avocado Salad
This salad combines tomatoes, avocados, and onions, rich in healthy fats, vitamin C, and dietary fiber. It helps moisturize dryness, clear heat, protect the stomach, and relieve stress.

**Main Ingredients**:
- Tomatoes (diced)
- Avocado (cubed)
- Onion (chopped)
- Olive oil, lemon juice, salt, black pepper

**Preparation**:
1. Place the diced tomatoes, avocado cubes, and chopped onion into a large bowl.
2. Mix olive oil, lemon juice, salt, and black pepper to create a salad dressing.
3. Pour the dressing into the bowl and gently toss until evenly combined.

### Italian Pesto Roasted Vegetables
This roasted vegetable dish features tomatoes, zucchini, eggplant, and bell peppers, paired with basil pesto. It is rich in dietary fiber and antioxidants, helping to clear heat, reduce dampness, improve circulation, and enhance appetite.

**Main Ingredients**:
- Tomatoes (sliced)
- Zucchini (sliced)
- Eggplant (sliced)
- Bell peppers (cut into chunks)
- Basil pesto, salt, black pepper

**Preparation**:
1. Place all the sliced and chopped vegetables onto a baking tray.
2. Evenly coat the vegetables with basil pesto and sprinkle with salt and black pepper.
3. Bake in a preheated oven at 200°C (392°F) for about 20 minutes until the vegetables are tender.

### Greek Spinach Pie
This pie combines tomatoes, spinach, and feta cheese, rich in protein, iron, and vitamin C. It helps nourish yin, replenish blood, and boost energy, while also alleviating fatigue.

**Main Ingredients**:
- Tomatoes (sliced)
- Spinach (blanched and chopped)
- Feta cheese (cubed)
- Eggs (beaten)
- Pie crust, onion (chopped)

**Preparation**:
1. Mix the blanched spinach with chopped onion, feta cheese, and beaten eggs until well combined.
2. Spread the mixture onto the pie crust and layer tomato slices on top.
3. Bake in a preheated oven at 180°C (356°F) for about 25 minutes until the surface turns golden brown.

These three dishes are simple to prepare and packed with nutrients. Remember to maintain variety in your daily diet and pair these recipes with other ingredients to ensure balanced nutrition. If you have any health concerns, it’s recommended to consult a professional doctor promptly.
",2025-04-04T03:41:18.804Z
chat,New chat session,2025-04-04T04:08:12.831Z
chat,please recommend some recipe that include tomato,2025-04-04T04:09:07.220Z
chat,"
Tomatoes are a nutrient-rich ingredient, packed with vitamin C, lycopene, and dietary fiber, offering numerous health benefits. Modern medical research indicates that lycopene has antioxidant properties that help protect cardiovascular health, while vitamin C boosts immunity and promotes iron absorption. Additionally, the sweet and tangy flavor of tomatoes can stimulate appetite and aid digestion.

Here are three healthy recipes featuring tomatoes that I recommend. Each dish combines different nutritional needs and flavor profiles, making them perfect additions to your daily diet.

### Mexican Avocado Salad
This refreshing salad is rich in healthy fats and various vitamins, making it ideal for summer or when you need to cool down and moisturize your body.

**Main Benefits**:
- Moisturizes and cools the body, alleviating the effects of dry environments.
- Supports digestion and improves gut health.
- Promotes blood circulation and enhances overall vitality.

**Ingredients**:
- 1 avocado
- 2 tomatoes
- 1/4 onion
- 1 tablespoon olive oil
- 1 teaspoon lemon juice
- Salt and black pepper to taste

**Instructions**:
1. Peel and pit the avocado, then cut it into small pieces; dice the tomatoes; finely chop the onion.
2. Mix all the ingredients together, then add olive oil, lemon juice, salt, and black pepper for seasoning.
3. Stir well and serve immediately.

---

### Italian Pesto Roasted Vegetables
This low-calorie, high-fiber roasted vegetable dish is perfect for those looking to cool down, reduce dampness, and boost their appetite.

**Main Benefits**:
- Clears heat and reduces dampness, suitable for humid climates or when feeling fatigued.
- Provides vitamins to improve skin health and immunity.
- Regulates hormones and helps restore body balance.

**Ingredients**:
- 1 zucchini
- 1 eggplant
- 1 bell pepper
- 1 tomato
- 2 tablespoons basil pesto
- Salt and black pepper to taste

**Instructions**:
1. Cut the zucchini, eggplant, bell pepper, and tomato into appropriately sized pieces.
2. Coat the vegetables evenly with basil pesto, then sprinkle with salt and black pepper.
3. Place the vegetables in a preheated oven at 200°C (392°F) and roast for about 20 minutes until fully cooked.

---

### Italian Tomato Basil Soup
This tangy and appetizing soup is rich in antioxidants, making it ideal for those needing to boost blood circulation and relieve stress.

**Main Benefits**:
- Clears heat and quenches thirst, alleviating dry mouth and throat.
- Promotes blood circulation and metabolism.
- Relieves stress and helps balance emotions.

**Ingredients**:
- 3 tomatoes
- 1/2 onion
- Basil leaves (to taste)
- 1 tablespoon olive oil
- Salt and black pepper to taste
- Water (as needed)

**Instructions**:
1. Cut the tomatoes into chunks and finely chop the onion.
2. Heat olive oil in a pot, sauté the onion until fragrant, then add the tomatoes and stir-fry.
3. Add an appropriate amount of water, bring to a boil, then simmer on low heat for 10 minutes.
4. Blend the soup into a smooth puree using a blender, season with salt and black pepper, and garnish with basil leaves before serving.

---

I hope these recipes add vibrant flavors to your table while meeting your health needs! Remember to maintain a balanced diet and diversify your food intake. If you have any specific health conditions, consult a doctor or nutritionist for personalized advice.
",2025-04-04T04:09:07.303Z
chat,New chat session,2025-04-04T04:42:14.385Z
chat,为我推荐带有番茄的菜谱,2025-04-04T04:42:34.234Z
chat,"
番茄是一种营养丰富的食材，富含维生素C、番茄红素和膳食纤维，对身体有多方面的益处。它不仅能帮助抗氧化，还能促进消化、增强免疫力。根据你的需求，我为你推荐了三道以番茄为主的菜谱，它们不仅美味，还能为身体提供多种营养支持。

### 俄式罗宋汤
俄式罗宋汤是一道经典的西餐汤品，番茄糊是其灵魂食材，搭配牛肉和多种蔬菜，营养丰富且口感浓郁。

**营养与功效**：
这道汤富含蛋白质、膳食纤维和多种维生素。番茄糊中的番茄红素有助于抗氧化，牛肉提供优质蛋白质和铁元素，有助于补血和增强体力。此外，甜菜根和卷心菜的加入还能帮助改善消化功能。

**简要做法**：
1. 牛肉块焯水后备用。
2. 热锅加油，炒香洋葱碎，加入番茄糊翻炒。
3. 加入牛肉块、甜菜根、土豆、卷心菜等食材，倒入适量水煮沸。
4. 小火炖煮至牛肉软烂，最后加盐和黑胡椒调味即可。

---

### 希腊菠菜派
虽然番茄不是主角，但可以作为配菜或点缀，提升整体风味。这道菜以菠菜和奶酪为主，搭配酥脆的面皮，营养均衡。

**营养与功效**：
番茄的加入可以提供额外的维生素C和番茄红素，帮助清热润燥。菠菜富含铁和叶酸，有助于补血养心，而奶酪和鸡蛋提供优质蛋白质，增强肌肉和骨骼健康。

**简要做法**：
1. 菠菜焯水后切碎，与菲达奶酪、鸡蛋混合。
2. 将混合物铺在面皮上，加入切片番茄作为点缀。
3. 放入烤箱，180℃烘烤约25分钟，至表面金黄即可。

---

### 番茄酱美式牛排
这道牛排搭配自制番茄酱，既保留了牛排的鲜嫩口感，又增加了番茄的酸甜风味。

**营养与功效**：
牛排富含蛋白质和铁元素，能够补益气血、增强体力。番茄酱中的番茄红素和维生素C则有助于抗氧化和促进消化。两者结合，既满足味蕾，又滋养身体。

**简要做法**：
1. 牛排用盐和黑胡椒腌制片刻。
2. 热锅加黄油，煎至两面金黄，取出备用。
3. 用番茄糊、蒜泥和少许糖调制番茄酱，煮至浓稠。
4. 将牛排淋上番茄酱，搭配蔬菜或面包即可。

---

以上三道菜不仅美味，还能为身体提供多种营养支持。建议你根据自己的口味和时间选择适合的菜谱，同时保持饮食均衡。如果有任何健康问题，必要时请咨询医生。
",2025-04-04T04:42:34.284Z
chat,New chat session,2025-04-04T04:50:55.898Z
chat,为我推荐带有番茄的菜谱,2025-04-04T04:51:09.196Z
chat,"
番茄是一种营养丰富的食材，富含维生素C、番茄红素和膳食纤维，对身体有多方面的益处。它不仅能帮助抗氧化，还能促进消化和增强免疫力。根据你的需求，我为你推荐了三道以番茄为主要食材的菜谱，这些菜肴不仅美味，还能为身体提供多种健康功效。

### 希腊菠菜派
这道菜结合了番茄和菠菜的营养优势，富含维生素A、C和铁元素，有助于滋养身体、增强免疫力，同时还能帮助缓解疲劳。

**主要食材**：番茄、菠菜、菲达奶酪、鸡蛋、洋葱、面皮  
**主要功效**：滋阴养血、补益气血、清热润燥  

**做法**：  
1. 将菠菜焯水后切碎，与菲达奶酪、鸡蛋和洋葱混合均匀。
2. 在派盘中铺上面皮，加入混合好的馅料，顶部放上切片番茄。
3. 烤箱预热至180°C，烘烤约25分钟，直到表面金黄即可。

---

### 俄式罗宋汤
这是一道经典的汤品，番茄糊与牛肉、甜菜根等食材搭配，富含蛋白质、膳食纤维和抗氧化成分，适合补充能量和改善肤色。

**主要食材**：番茄糊、牛肉、甜菜根、土豆、卷心菜、洋葱  
**主要功效**：补血润颜、健脾利湿、清热化湿  

**做法**：  
1. 牛肉块焯水后备用，甜菜根、土豆和卷心菜切块。
2. 热锅加少许植物油，炒香洋葱碎和番茄糊，再加入牛肉块和切好的蔬菜。
3. 加水煮沸后转小火炖煮约40分钟，最后调味即可。

---

### 墨西哥牛油果沙拉
这道沙拉清爽可口，番茄与牛油果的搭配提供丰富的健康脂肪和维生素，适合帮助润肠通便、舒缓压力。

**主要食材**：番茄、牛油果、洋葱、橄榄油、柠檬汁  
**主要功效**：滋阴润燥、健脾护胃、润肺通便  

**做法**：  
1. 牛油果和番茄切丁，洋葱切碎。
2. 将所有食材混合，加入橄榄油、柠檬汁、盐和黑胡椒粉调味。
3. 搅拌均匀后即可食用。

---

以上三道菜不仅美味，还能为身体提供多种营养支持。建议你根据自己的口味和时间选择制作，同时保持饮食均衡。如果有任何健康问题，请及时咨询专业医生。
",2025-04-04T04:51:09.234Z
chat,recommend recipes include tomato,2025-04-04T05:25:13.213Z
chat,"
Tomatoes are a nutrient-rich ingredient, packed with vitamin C, lycopene, and dietary fiber, offering numerous health benefits. They not only help eliminate free radicals in the body but also promote digestion, nourish the intestines, and contribute to skin health and improved immunity. Below are three tomato-based recipes I recommend, each incorporating modern nutritional principles and catering to different dietary needs.

### Spanish Seafood Paella
This classic Spanish dish uses tomatoes as a base, combined with a variety of seafood and vegetables, making it both nutritionally balanced and flavorful.

**Main Benefits**:
- Provides high-quality protein to boost energy.
- Rich in lycopene and antioxidants, helping to eliminate free radicals.
- Supplies dietary fiber to promote gut health.

**Ingredients**:
Short-grain rice, shrimp, squid rings, clams, chicken pieces, diced tomatoes, green bell peppers, onions, saffron, olive oil, salt.

**Instructions**:
1. Heat olive oil in a skillet and sauté onions and green bell peppers until fragrant.
2. Add diced tomatoes and cook until thickened, then stir in rice and saffron.
3. Pour in an appropriate amount of water or broth, add seafood and chicken pieces, and cook until the rice is fully cooked.
4. Season to taste, let it rest briefly, and enjoy.

---

### Mexican Chicken and Corn Soup
This refreshing and nutritious soup combines the sweet and tangy flavor of tomatoes with tender chicken, making it perfect for those needing hydration and nourishment.

**Main Benefits**:
- Clears heat and moisturizes dryness, ideal for dry seasons.
- Provides high-quality protein to aid tissue repair.
- Rich in vitamins and minerals to boost immunity.

**Ingredients**:
Chicken breast, corn kernels, tomatoes, onions, chicken broth, salt.

**Instructions**:
1. Cook the chicken breast until done, then shred it and set aside.
2. Heat a small amount of oil in a pot and sauté onions and tomatoes until fragrant.
3. Add chicken broth, corn kernels, and shredded chicken, and simmer until the soup thickens.
4. Season with salt to taste and serve.

---

### Italian Pesto-Roasted Vegetables
This dish combines tomatoes with other vegetables, roasted to perfection and paired with basil pesto. It's both healthy and delicious, making it ideal for vegetarians or those seeking a light meal.

**Main Benefits**:
- Clears heat and reduces dampness, helping to regulate the body's internal environment.
- Provides abundant dietary fiber to support intestinal movement.
- Supplies a variety of vitamins and minerals to enhance overall nutrition.

**Ingredients**:
Zucchini, eggplant, bell peppers, cherry tomatoes, basil pesto, salt, black pepper.

**Instructions**:
1. Cut zucchini, eggplant, bell peppers, and cherry tomatoes into chunks, and toss with a pinch of salt and black pepper.
2. Spread the vegetables on a baking tray and brush with a layer of basil pesto.
3. Place in a preheated oven at 200°C (392°F) and roast for about 20 minutes until the vegetables are tender.
4. Let cool slightly before serving.

---

These three recipes all feature tomatoes as the star ingredient, combined with various other ingredients and cooking methods to meet diverse nutritional needs. I recommend choosing a recipe based on your taste preferences and available time, while also maintaining a balanced diet. If you have specific health concerns, consult a doctor or nutritionist for more professional advice.
",2025-04-04T05:25:13.270Z
chat,recommend recipes include potato,2025-04-04T05:35:55.223Z
chat,"Sorry, I encountered an error: Unexpected error: cannot unpack non-iterable NoneType object",2025-04-04T05:35:55.303Z
chat,New chat session,2025-04-04T06:01:54.319Z
chat,recommend recipes include potato,2025-04-04T06:02:20.509Z
chat,"
Potatoes are a nutrient-rich and versatile ingredient, packed with dietary fiber, vitamin C, potassium, and other essential nutrients. They not only provide energy for the body but also help regulate digestion and support cardiovascular health. Based on your needs, I’ve recommended three potato-based recipes. These dishes are not only delicious but also offer a variety of health benefits.

### Greek Lemon Roasted Potatoes
This dish combines the satisfying texture of potatoes with the refreshing flavor of lemon, making it ideal for those looking to cool down, stimulate their appetite, and replenish energy. Potatoes are rich in dietary fiber, which aids digestion, while the vitamin C in lemon juice boosts immunity. Olive oil adds healthy fats that benefit cardiovascular health.

**Instructions**:
1. Cut the potatoes into chunks and mix them with lemon juice, olive oil, salt, and dried oregano.
2. Place them in the oven and roast at 200°C (392°F) for about 30 minutes, until the potatoes are golden on the surface.
This dish is refreshing and appetizing, with a mild regulatory effect on the digestive system.

---

### Mexican Avocado Salad
Although potatoes are not the main ingredient in this dish, they can be added to enhance satiety and texture. Avocados are rich in healthy fats and vitamin E, while tomatoes and onions provide antioxidants. This combination helps to moisturize dryness, cool the body, and relieve stress.

**Instructions**:
1. Dice cooked potatoes and mix them with avocado, tomato, and onion.
2. Season with olive oil, lemon juice, salt, and black pepper.
This salad is perfect for those who need to cool down and moisturize dryness, while also promoting gut health.

---

### Spanish Seafood Paella
This is a nutrient-dense main course where potatoes can be used as a side dish or as a partial substitute for rice. Seafood provides high-quality protein and trace elements, while saffron adds a unique flavor and antioxidant properties. This combination helps to replenish energy, nourish the blood, and boost physical strength.

**Instructions**:
1. Sauté onions and green peppers in olive oil, then add rice, saffron, and an appropriate amount of water. Cook until the rice is half-done.
2. Add shrimp, squid rings, and potato chunks, and continue cooking until the rice is fully cooked.
This dish is ideal for those who need to replenish energy and enhance their nutritional intake.

---

The versatility of potatoes makes them an excellent choice for a wide range of dishes. Whether as a main ingredient or a side dish, they can add both nutrition and flavor to your meals. Remember to maintain a balanced diet and consult a doctor if you need more professional health advice.
",2025-04-04T06:02:20.558Z
chat,New chat session,2025-04-04T06:03:11.238Z
chat,please recommend recipe includes potato,2025-04-04T06:04:06.346Z
chat,"
Potatoes are a nutrient-rich ingredient, packed with dietary fiber, vitamin C, and potassium. They are beneficial for supporting digestive health, maintaining electrolyte balance, and boosting immunity. If you're looking for recipes featuring potatoes, here are three dishes I recommend. They are not only delicious but also offer various health benefits.

### Greek Lemon Roasted Potatoes
This dish highlights potatoes paired with lemon juice and olive oil, providing vitamin C, healthy fats, and antioxidants. The dietary fiber in potatoes promotes gut health, while the lemon juice aids digestion and has a cooling effect, making it ideal for hot weather or when you have a poor appetite.

**Instructions**:
1. Cut the potatoes into chunks and place them on a baking tray.
2. Drizzle with olive oil and lemon juice, then sprinkle with salt and dried oregano.
3. Preheat the oven to 200°C (392°F) and roast for about 30 minutes until the potatoes are golden brown.

### Mexican Avocado Salad
Although avocado is the star of this dish, adding potatoes enhances the texture and flavor. Avocados are rich in healthy fats and vitamin E, while the dietary fiber in potatoes aids digestion and helps relieve stress. The tangy flavors of tomatoes and lemon juice elevate the overall taste.

**Instructions**:
1. Boil the potatoes until cooked, then cut them into chunks. Mix with diced avocado, tomato, and onion.
2. Add olive oil, lemon juice, salt, and black pepper, and toss until evenly combined.

### Spanish Seafood Paella
This is a classic Spanish dish, and while potatoes are not a traditional ingredient, they can be added as a complement to increase dietary fiber and satiety. The protein and minerals in seafood help replenish energy, while saffron and bell peppers provide antioxidant benefits.

**Instructions**:
1. Cut the potatoes into chunks and sauté them with shrimp, squid rings, clams, and other seafood.
2. Add rice, saffron, crushed tomatoes, and bell peppers, then pour in water or broth as needed.
3. Simmer over low heat until the rice is fully cooked, and garnish with green peas before serving.

These three dishes each have their own unique characteristics, satisfying your taste buds while providing a variety of nutritional benefits. Remember to maintain a balanced diet and consume a variety of ingredients in moderation. If you have any health concerns, be sure to consult a professional doctor.
",2025-04-04T06:04:06.394Z
chat,New chat session,2025-04-04T06:54:52.298Z
chat,recommend some healthy recipe,2025-04-04T06:55:46.483Z
chat,"
In daily meals, choosing healthy ingredients and pairing them with well-balanced dishes not only satisfies your taste buds but also provides a variety of nutritional benefits for your body. Below, I recommend three healthy and delicious recipes that are rich in nutrients, suitable for everyday consumption, and beneficial to your overall health.

### Greek Lemon Roasted Potatoes
This dish features potatoes as the main ingredient, paired with lemon juice and olive oil, making it both simple and flavorful. Potatoes are rich in dietary fiber and potassium, which help maintain gut health and regulate blood pressure. Lemon juice provides abundant vitamin C, boosting immunity while adding a refreshing taste.

**Main Benefits**: Strengthens digestion, clears heat, calms the mind, and promotes energy flow.  
**Instructions**: Cut the potatoes into chunks, mix them with lemon juice, olive oil, salt, and dried oregano. Bake in the oven at 200°C for about 30 minutes until the surface turns golden.

---

### Mexican Avocado Salad
This refreshing salad features avocado, an excellent source of healthy fats that nourish the skin and protect cardiovascular health. Tomatoes and lemon juice are rich in antioxidants, helping to eliminate free radicals in the body. Onions promote blood circulation.

**Main Benefits**: Moisturizes dryness, clears heat, reduces dampness, and aids digestion.  
**Instructions**: Cut the avocado into chunks, mix with diced tomatoes and minced onions. Add a small amount of olive oil, lemon juice, salt, and black pepper, then toss evenly and serve.

---

### Greek Spinach Pie
This dish uses spinach as the main ingredient, combined with feta cheese and eggs for a nutrient-packed meal. Spinach is rich in iron and folic acid, which help improve anemia. Cheese and eggs provide high-quality protein, enhancing physical strength and aiding tissue repair.

**Main Benefits**: Nourishes blood, replenishes energy, and alleviates fatigue.  
**Instructions**: Blanch the spinach and chop it finely. Mix it with feta cheese, beaten eggs, and minced onions. Spread the mixture over a pastry crust and bake in the oven at 180°C for about 25 minutes until the surface turns golden.

---

These three dishes not only meet daily nutritional needs but also provide comprehensive support for your body through diverse ingredient combinations. Remember to maintain a varied diet, pair it with moderate exercise, and ensure adequate sleep. If you have specific health concerns, it is recommended to consult a professional doctor or nutritionist for more tailored advice.
",2025-04-04T06:55:46.541Z
chat,推荐一些健康的食谱,2025-04-04T06:57:35.696Z
chat,"
健康饮食是保持身体活力和预防疾病的重要方式。通过合理搭配食材，我们可以为身体提供丰富的营养，同时改善一些常见的不适症状，比如疲劳、免疫力低下或消化不良等。以下我为你推荐三道健康食谱，它们不仅美味，还能为身体提供多种营养支持。

### 西班牙土豆蛋饼
这道经典的西班牙菜肴以土豆和鸡蛋为主要食材，富含优质蛋白质和复合碳水化合物。土豆中的膳食纤维有助于改善消化功能，而鸡蛋提供的蛋白质和维生素D则有助于增强骨骼健康。此外，洋葱和橄榄油的抗氧化成分还能帮助舒缓紧张情绪。

**做法**：
1. 将土豆切片，洋葱切丝，用橄榄油煎至软熟。
2. 打散鸡蛋，加入少许盐和黑胡椒粉调味。
3. 将煎好的土豆和洋葱混入蛋液，倒入平底锅中，小火煎至两面金黄即可。

这道菜适合早餐或轻食，能为你提供持续的能量，同时帮助缓解疲劳。

### 西班牙海鲜饭
这道菜以虾仁、鱿鱼圈和蛤蜊等海鲜为主，搭配短粒米和番红花，营养丰富且风味独特。海鲜富含优质蛋白质和Omega-3脂肪酸，有助于心血管健康和增强免疫力。番红花不仅赋予米饭迷人的金黄色，还具有抗氧化作用，帮助提升活力。

**做法**：
1. 将虾仁、鱿鱼圈和蛤蜊用橄榄油煎香，加入洋葱和青椒翻炒。
2. 加入短粒米和番红花，倒入适量水或高汤，煮至米饭熟透。
3. 最后加入盐调味，撒上青豆点缀即可。

这道菜适合午餐或晚餐，既能满足味蕾，又能为身体提供全面的营养支持。

### 意式蔬菜汤
这是一道低脂肪、高纤维的健康汤品，适合任何季节。西葫芦、胡萝卜和番茄等蔬菜富含维生素和矿物质，有助于增强免疫力和改善皮肤状态。白芸豆提供植物蛋白和膳食纤维，帮助维持肠道健康。

**做法**：
1. 将西葫芦、胡萝卜、西芹和番茄切块，用橄榄油稍微煸炒。
2. 加入白芸豆和适量水，煮至蔬菜软熟。
3. 加入番茄酱、罗勒干和黑胡椒粉调味，煮至汤浓即可。

这道汤品清淡可口，适合搭配主食或作为单独的一餐，帮助身体补充水分和营养。

---

以上三道菜不仅营养丰富，还能帮助改善疲劳、增强免疫力和促进消化。记得保持饮食多样化，适量运动，并在必要时咨询医生以获得专业建议。
",2025-04-04T06:57:35.741Z
chat,"recommend some healthy recipe
",2025-04-04T07:06:51.014Z
chat,"Sorry, I encountered an error: Unexpected error: cannot unpack non-iterable NoneType object",2025-04-04T07:06:51.122Z
chat,New chat session,2025-04-04T07:07:00.859Z
chat,recommend a healthy recipe,2025-04-04T07:08:27.100Z
chat,"
Choosing a healthy diet not only satisfies your taste buds but also provides essential nutritional support for your body. According to modern nutritional science, a balanced diet should include an abundance of vitamins, minerals, high-quality proteins, and healthy fats. Below, I recommend three simple yet healthy recipes that are not only delicious but also help regulate your body and enhance overall health.

### Mexican Avocado Salad
This salad is rich in healthy fats, dietary fiber, and various vitamins, making it especially suitable for those who want to nourish their skin, improve digestion, and relieve stress.

**Key Benefits**:
- **Promotes Digestive Health**: Avocado and olive oil are rich in unsaturated fatty acids, which support gut health.
- **Refreshing and Light**: The tangy flavor of lemon juice and tomatoes stimulates appetite and helps clear excess heat from the body.
- **Stress Relief**: Abundant in vitamin E and magnesium, this salad helps relax the nervous system.

**Ingredients**:
- 1 avocado
- 1 tomato
- 1/4 onion
- 1 tablespoon olive oil
- 1 teaspoon lemon juice
- Salt and black pepper to taste

**Instructions**:
1. Peel and pit the avocado, then cut it into small pieces; dice the tomato and onion.
2. Mix all the ingredients together, add olive oil, lemon juice, salt, and black pepper, and stir well.

---

### Greek Lemon Roasted Potatoes
This is a low-fat, high-fiber roasted dish, perfect for those who need to replenish energy and improve digestive function.

**Key Benefits**:
- **Stimulates Appetite**: The tangy flavor of lemon juice promotes gastric juice secretion, aiding digestion.
- **Nourishes the Stomach**: Potatoes are rich in starch and vitamin C, providing sustained energy for the body.
- **Relieves Tension**: The potassium in potatoes helps relax muscles and alleviate stress.

**Ingredients**:
- 2 potatoes
- 2 tablespoons lemon juice
- 1 tablespoon olive oil
- 1 teaspoon dried oregano
- Salt to taste

**Instructions**:
1. Peel and cut the potatoes into chunks, then soak them in water for 10 minutes and drain.
2. Place the potato chunks in a baking tray, add lemon juice, olive oil, dried oregano, and salt, and mix well.
3. Preheat the oven to 200°C (392°F) and roast for about 30 minutes until the potatoes are golden brown.

---

### Spanish Potato Omelette
This high-protein, high-energy dish is ideal for those who need to replenish strength and combat fatigue.

**Key Benefits**:
- **Boosts Energy and Blood Health**: Eggs and potatoes provide high-quality protein and iron, helping improve anemia.
- **Promotes Relaxation**: The tryptophan in eggs enhances sleep quality.
- **Nourishes Skin**: The fatty acids in olive oil and eggs help improve skin condition.

**Ingredients**:
- 2 potatoes
- 1/2 onion
- 4 eggs
- 2 tablespoons olive oil
- Salt and black pepper to taste

**Instructions**:
1. Peel and slice the potatoes thinly, and slice the onion.
2. Heat a pan with olive oil, sauté the potatoes and onions until soft, then set aside.
3. Beat the eggs, add salt and black pepper, and mix the sautéed potatoes and onions into the egg mixture.
4. Add a small amount of oil to a frying pan, pour in the mixture, and cook over low heat until both sides are golden brown.

---

These three recipes are not only easy to prepare but also provide a variety of nutritional benefits for your body. Remember to maintain a diverse diet, pair it with moderate exercise, and ensure adequate sleep. If you have specific health needs, consult a doctor or professional nutritionist for personalized advice.
",2025-04-04T07:08:27.278Z
chat,推荐一个有土豆的食谱,2025-04-04T07:12:41.028Z
chat,"
土豆是一种营养丰富的食材，富含膳食纤维、维生素C和钾，对促进消化、增强免疫力以及维持心血管健康都有帮助。根据你的需求，我为你推荐了三道健康食谱，其中包含土豆作为主要食材或配料。这些食谱不仅美味，还能为身体提供多种营养支持。

### 土豆洋葱煎饼
这道菜简单易做，富含膳食纤维和维生素C，有助于促进消化和增强免疫力。土豆中的钾还能帮助调节体内电解质平衡。

**主要食材**：土豆、洋葱、鸡蛋、面粉、橄榄油、黑胡椒、盐  
**做法**：  
1. 将土豆去皮后擦成细丝，洋葱切碎备用。  
2. 在碗中混合土豆丝、洋葱碎、鸡蛋和少量面粉，调入盐和黑胡椒。  
3. 热锅中加入橄榄油，将混合物摊成小饼状，煎至两面金黄即可。  

这道菜适合早餐或作为轻食，能为一天提供充足的能量。

---

### 西班牙海鲜饭
这是一道经典的地中海菜肴，加入土豆块后更具饱腹感，同时提供丰富的蛋白质和抗氧化物质。海鲜中的锌和硒有助于提升免疫力，而土豆则增加了膳食纤维摄入。

**主要食材**：短粒米、虾仁、鱿鱼圈、土豆块、番红花、洋葱、青椒、橄榄油、盐  
**做法**：  
1. 将土豆切块煮至半熟备用。  
2. 热锅中加入橄榄油，炒香洋葱和青椒，再加入虾仁和鱿鱼圈翻炒。  
3. 加入短粒米和番红花，倒入适量水或高汤，加入土豆块，煮至米饭熟透。  
4. 调味后即可享用。  

这道菜不仅美味，还能帮助补充多种微量元素，适合家庭聚餐。

---

### 意式蔬菜汤（加土豆）
这道汤品清淡又营养，土豆的加入使其更具饱腹感，同时提供丰富的维生素和矿物质。蔬菜中的抗氧化成分还能帮助缓解疲劳。

**主要食材**：土豆、西葫芦、胡萝卜、西芹、番茄、白芸豆、洋葱、橄榄油、黑胡椒、盐  
**做法**：  
1. 将土豆、西葫芦、胡萝卜切块，洋葱切丁备用。  
2. 热锅中加入橄榄油，炒香洋葱后加入其他蔬菜和白芸豆。  
3. 倒入适量水或蔬菜汤，煮至蔬菜软烂，调入盐和黑胡椒即可。  

这道汤适合晚餐，既能暖胃又能帮助身体恢复活力。

---

以上三道菜都能满足不同场景的需求，同时提供丰富的营养。记得保持饮食均衡，多样化摄入食材。如果有特殊健康问题，建议咨询医生或营养师以获得更专业的指导。
",2025-04-04T07:12:41.135Z
apply,,2025-04-04T07:18:48.676Z
apply,,2025-04-04T07:24:25.195Z
chat,推荐一个有番茄的食谱,2025-04-04T07:43:29.750Z
chat,"Sorry, I encountered an error: Unexpected error: cannot unpack non-iterable NoneType object",2025-04-04T07:43:29.789Z
chat,New chat session,2025-04-04T07:43:40.860Z
chat,推荐一个有番茄的食谱,2025-04-04T07:44:10.038Z
chat,"
番茄是一种营养丰富的食材，富含维生素C、番茄红素和膳食纤维，对身体有多方面的益处。它不仅能帮助增强免疫力，还具有抗氧化作用，有助于保护细胞健康。结合你的需求，我为你推荐了三道食谱，其中番茄是重要的食材，既美味又健康。

### 意式蔬菜汤
这道汤以番茄为主，搭配多种蔬菜如西葫芦、胡萝卜和西芹，营养均衡。番茄中的番茄红素具有抗氧化作用，有助于保护心血管健康；而其他蔬菜提供丰富的膳食纤维，有助于促进肠道健康。

**做法**：
1. 将番茄、西葫芦、胡萝卜和西芹切块备用。
2. 在锅中加入橄榄油，炒香洋葱和蒜末。
3. 加入切好的蔬菜、番茄酱和适量水，煮至蔬菜变软。
4. 加入罗勒干、盐和黑胡椒调味，煮至汤汁浓郁即可。

这道汤不仅清热润燥，还能滋阴生津，非常适合日常饮食。

---

### 希腊柠檬烤土豆
虽然这道菜的主角是土豆，但番茄可以作为配菜或酱料，为整道菜增添酸甜的风味。土豆富含复合碳水化合物，能提供持续的能量，而番茄则补充维生素C和抗氧化成分。

**做法**：
1. 土豆去皮切块，用柠檬汁、橄榄油、牛至干和盐腌制。
2. 将腌制好的土豆放入烤盘，烤至金黄。
3. 可搭配新鲜番茄切片或番茄酱一起食用。

这道菜开胃又清爽，适合搭配主餐。

---

### 土耳其酸奶黄瓜汤
虽然番茄不是这道汤的主食材，但可以将番茄切丁作为点缀，增加口感和营养。黄瓜和酸奶的组合清凉解暑，搭配番茄可以进一步补充维生素和抗氧化成分。

**做法**：
1. 黄瓜切丁，加入原味酸奶、蒜末和盐搅拌均匀。
2. 加入少许橄榄油和干薄荷碎调味。
3. 最后加入切丁的番茄，增添色彩和风味。

这道汤清热生津，适合夏季饮用。

---

以上三道食谱都能满足你的需求，同时提供多种营养。记得保持饮食均衡，适量摄入新鲜蔬果。如果有特殊健康问题，建议咨询专业医生或营养师。
",2025-04-04T07:44:10.076Z
chat,New chat session,2025-04-04T07:47:41.068Z
chat,推荐有土豆的增强体力的食谱,2025-04-04T07:48:25.570Z
chat,"
土豆是一种营养丰富且易于消化的食材，富含碳水化合物、膳食纤维、维生素C和钾等营养成分，能够为身体提供能量并帮助维持电解质平衡。对于增强体力来说，土豆的碳水化合物是快速补充能量的理想来源，同时它的钾含量有助于缓解运动后可能出现的肌肉疲劳或痉挛。此外，搭配其他食材如蛋白质和健康脂肪，可以进一步提升整体营养摄入。

以下是三道以土豆为主的增强体力食谱，它们不仅美味，还能为身体提供多种营养支持。

### 希腊柠檬烤土豆
这道菜以土豆为主，搭配柠檬汁和橄榄油，口感清新，富含维生素C和健康脂肪。土豆中的碳水化合物能快速补充能量，而柠檬汁的酸味可以促进胃液分泌，帮助消化吸收。

**主要功效**：补充能量、健脾开胃、清热安神  
**食材**：土豆、柠檬汁、橄榄油、盐、牛至干  
**做法**：  
1. 将土豆切块，放入烤盘中。  
2. 淋上橄榄油和柠檬汁，撒上盐和牛至干，拌匀。  
3. 放入预热至200℃的烤箱，烤约30分钟至金黄酥脆即可。

---

### 墨西哥牛油果沙拉
虽然这道菜的主角是牛油果，但加入土豆后，整体营养更加均衡。牛油果富含健康脂肪和维生素E，搭配土豆的碳水化合物，可以提供持续的能量释放，同时帮助缓解疲劳。

**主要功效**：滋阴润燥、健脾护胃、舒缓压力  
**食材**：土豆、牛油果、番茄、洋葱、橄榄油、柠檬汁、盐、黑胡椒粉  
**做法**：  
1. 土豆煮熟后切块，牛油果切丁，番茄和洋葱切碎。  
2. 将所有食材混合，加入橄榄油、柠檬汁、盐和黑胡椒粉调味。  
3. 搅拌均匀后即可食用。

---

### 西班牙海鲜饭
这是一道经典的西班牙菜肴，富含蛋白质、碳水化合物和多种微量元素。土豆虽然不是主角，但可以作为配菜或加入其中，提升饱腹感和能量补充。海鲜中的蛋白质和矿物质如锌和铁，有助于增强体力和免疫力。

**主要功效**：补气养血、增强体力、健脾养胃  
**食材**：虾仁、鱿鱼圈、米、番红花、青椒、洋葱、橄榄油、海盐  
**做法**：  
1. 在锅中加热橄榄油，炒香洋葱和青椒。  
2. 加入米和番红花，翻炒均匀后加入适量水或高汤。  
3. 放入虾仁和鱿鱼圈，煮至米熟透，调味后即可。

---

以上三道菜既能满足味蕾，又能帮助增强体力。建议您根据个人口味和需求选择适合的食谱，同时保持饮食均衡，摄入足够的蛋白质、碳水化合物和健康脂肪。如果您有特殊健康状况或持续疲劳，建议咨询医生以获得更专业的建议。
",2025-04-04T07:48:25.610Z
chat,New chat session,2025-04-04T09:17:52.238Z
chat,推荐一些食谱,2025-04-04T09:18:14.398Z
chat,"Sorry, I encountered an error: Unexpected error: No objects to concatenate",2025-04-04T09:18:14.434Z
chat,推荐一些食谱,2025-04-04T09:20:29.794Z
chat,"Sorry, I encountered an error: Unexpected error: cannot unpack non-iterable NoneType object",2025-04-04T09:20:29.900Z
chat,New chat session,2025-04-04T09:20:42.453Z
chat,推荐一些食谱,2025-04-04T09:21:19.120Z
chat,"
好的！根据你的需求，我为你推荐了三道营养丰富、简单易做的菜肴。这些食谱不仅美味，还能从不同角度帮助调节身体状态，促进健康。

### 墨西哥牛油果沙拉
这道沙拉清爽可口，富含健康脂肪、维生素和矿物质。牛油果中的单不饱和脂肪酸有助于心血管健康，同时对皮肤和肠道也有滋润作用。番茄和柠檬汁提供丰富的维生素C，帮助抗氧化和增强免疫力。

**主要功效**：
- 滋润肠道，促进消化
- 舒缓压力，提升心情
- 清热解燥，适合干燥季节

**食材**：
- 牛油果 1个
- 番茄 1个
- 洋葱 1/4个
- 橄榄油 1汤匙
- 柠檬汁 1茶匙
- 盐和黑胡椒粉适量

**做法**：
1. 牛油果切块，番茄切丁，洋葱切碎。
2. 将所有食材混合，加入橄榄油、柠檬汁、盐和黑胡椒调味。
3. 拌匀后即可享用。

---

### 希腊菠菜派
这是一道经典的地中海菜肴，菠菜富含铁和叶酸，有助于补充血液所需的营养。鸡蛋和奶酪提供优质蛋白质，帮助修复身体组织，同时还能增强饱腹感。

**主要功效**：
- 补充铁质，改善疲劳
- 舒缓神经，助于放松
- 滋阴养血，适合体力消耗大的人群

**食材**：
- 菠菜 200克
- 菲达奶酪 50克
- 鸡蛋 2个
- 面皮 适量
- 洋葱 1/4个

**做法**：
1. 菠菜焯水后切碎，洋葱切丁备用。
2. 将菠菜、洋葱、菲达奶酪和打散的鸡蛋混合均匀。
3. 将混合物铺在面皮上，放入烤箱以180℃烤20-25分钟，直至表面金黄。
4. 稍微冷却后切块食用。

---

### 意式青酱烤蔬菜
这道菜色彩丰富，充满地中海风味。西葫芦、茄子和彩椒富含膳食纤维和多种维生素，帮助清理肠道、促进代谢。罗勒青酱则增添了香气和抗氧化成分。

**主要功效**：
- 清热去湿，适合湿热体质
- 补充维生素，增强免疫力
- 调节内分泌，改善皮肤状态

**食材**：
- 西葫芦 1根
- 茄子 1根
- 彩椒 1个
- 罗勒青酱 2汤匙
- 盐和黑胡椒适量

**做法**：
1. 西葫芦、茄子和彩椒切片或条状。
2. 将蔬菜放入烤盘，均匀涂抹罗勒青酱，撒上盐和黑胡椒。
3. 放入预热至200℃的烤箱，烤15-20分钟，至蔬菜熟透。
4. 出炉后稍微冷却即可食用。

---

以上三道菜肴各有特色，既能满足味蕾，又能为身体提供多种营养支持。记得保持均衡饮食，搭配适量运动。如果有特殊健康问题，建议及时咨询医生或专业营养师。
",2025-04-04T09:21:19.225Z
chat,你是否想尝试一种既包含柠檬汁又不需要洋葱和面皮的全新食谱？或者我们可以探索其它适合你的健康需求的美味菜肴？,2025-04-04T09:42:39.855Z
chat,New chat session,2025-04-04T14:38:55.042Z
chat,推荐一些有番茄的食谱,2025-04-04T14:39:03.415Z
chat,"Sorry, I encountered an error: Unexpected error: Cannot save file into a non-existent directory: '.history_history'",2025-04-04T14:39:03.448Z
chat,New chat session,2025-04-04T14:41:31.056Z
chat,推荐一些有番茄的食谱,2025-04-04T14:42:01.897Z
chat,please recommend some recipe,2025-04-04T18:59:05.195Z
chat,"
If you're looking for healthy and delicious recipe recommendations, I've selected three dishes for you. They are not only rich in nutrients but also provide comprehensive support for your body. Here's a detailed introduction:

### Quinoa Stuffed Bell Pepper
This dish features quinoa and bell peppers, packed with dietary fiber, plant-based protein, and various vitamins. Quinoa is a high-quality whole grain rich in essential amino acids, which helps boost energy and supports muscle repair. Bell peppers, on the other hand, are loaded with vitamin C and antioxidants, which help eliminate free radicals in the body and protect cellular health.

**Instructions**:
1. Cut off the tops of the bell peppers and remove the seeds.
2. Cook the quinoa and mix it with black beans, chopped onions, a pinch of chili powder, and salt.
3. Stuff the mixture into the bell peppers and bake in the oven at 180°C (356°F) for about 20 minutes, until the peppers soften.

This dish is low in fat and calories, promotes gut health, and is perfect for those seeking a light and healthy diet.

---

### French Creamy Mushroom Soup
This is a classic French soup. Mushrooms are rich in polysaccharides and vitamin D, which help boost immunity and regulate the endocrine system. Adding light cream enhances the smooth texture and provides a moderate amount of healthy fats, which nourish the skin and support brain function.

**Instructions**:
1. Sauté mushrooms and chopped onions in butter until fragrant.
2. Add chicken broth, bring to a boil, and blend into a creamy soup using a blender.
3. Stir in light cream, season with salt and black pepper, and mix well before serving.

This warm and comforting soup is especially suitable for cold weather. It can also help relieve stress and improve sleep quality.

---

### Greek Roasted Lamb Chops
Lamb chops are rich in high-quality protein and iron, which help replenish energy and boost immunity. Paired with lemon juice and dried oregano, this dish offers a Mediterranean flavor while aiding digestion and stimulating appetite.

**Instructions**:
1. Marinate the lamb chops with lemon juice, olive oil, dried oregano, sea salt, and black pepper for 30 minutes.
2. Preheat the oven to 200°C (392°F), place the lamb chops on a baking tray, and roast for about 15-20 minutes until golden brown on the surface.

This dish is ideal for those needing an energy boost and can also help improve circulation and strengthen bone health.

---

I hope these recipes add some variety to your meals! Remember to maintain a balanced diet and ensure diverse nutrient intake. If you have any health concerns, it's always a good idea to consult a doctor or professional.
",2025-04-04T18:59:05.228Z
recommendation,您是否想探索一些使用番茄和其他时令食材的健康食谱？,2025-04-05T02:29:53.149Z
recommendation,您是否想尝试一些结合番茄和其他蔬菜的创意菜谱，或者探索更多适合您口味的健康食谱？,2025-04-05T02:30:00.859Z
recommendation,您是否想尝试一些以番茄为主的轻食菜谱，或者探索更多适合春季时令食材的健康食谱？,2025-04-05T02:36:40.519Z
chat,是的,2025-04-05T02:36:47.680Z
chat,"Sorry, I encountered an error: Unexpected error: cannot access local variable 'user_history' where it is not associated with a value",2025-04-05T02:36:47.709Z
recommendation,您是否想尝试一些结合番茄与其他蔬菜的创意菜谱，或者探索更多适合春季时令食材的健康食谱？,2025-04-05T02:37:37.541Z
chat,可以,2025-04-05T02:38:00.068Z
chat,"
春季是一个万物复苏的季节，也是调整饮食、补充营养的好时机。结合现代营养学的观点，春季饮食应注重清淡、均衡，同时多摄入富含维生素和膳食纤维的食物，以帮助身体适应季节变化。番茄和其他蔬菜是非常适合这个季节的食材，它们不仅富含抗氧化剂和维生素C，还能帮助清热、润燥和增强免疫力。

为了让您的饮食更有趣且健康，我为您推荐了三道结合不同文化风味的菜谱。这些菜肴既简单易做，又能满足春季饮食的营养需求。

### 美国烤芝士三明治
这是一道经典的美式早餐，富含优质蛋白和钙质，能为一天提供充足的能量。奶酪中的钙和维生素D对骨骼健康有益，而吐司和黄油则能提供适量的碳水化合物和脂肪。

**主要食材**：
- 白吐司 2片
- 车打奶酪 2片
- 黄油 适量

**做法**：
1. 在吐司的外侧均匀涂抹黄油。
2. 将奶酪夹在两片吐司中间。
3. 平底锅加热后，将三明治放入锅中，用小火煎至两面金黄，奶酪融化即可。

**功效**：
这道菜能健脾益气，适合需要补充能量的人群，但注意适量食用以避免摄入过多脂肪。

---

### 希腊黄瓜酸奶沙拉
这是一道清爽的沙拉，适合春季食用。黄瓜富含水分和膳食纤维，有助于清热解毒；希腊酸奶则提供了丰富的益生菌和蛋白质，有助于肠道健康。

**主要食材**：
- 黄瓜 1根
- 脱脂希腊酸奶 100克
- 大蒜 1瓣（切碎）
- 新鲜莳萝 少许
- 柠檬汁 1茶匙
- 海盐和黑胡椒粉 适量

**做法**：
1. 黄瓜切薄片或刨成细条，撒少许盐腌制5分钟后挤干水分。
2. 将酸奶、大蒜、莳萝和柠檬汁混合，调成酱汁。
3. 将黄瓜与酱汁拌匀，最后撒上海盐和黑胡椒调味。

**功效**：
这道沙拉能清热利湿、生津止渴，同时对肠胃有温和的调理作用。

---

### 意式罗勒青酱意面
这是一道充满地中海风味的主食，罗勒叶富含抗氧化剂，有助于清热和维护皮肤健康；松子和橄榄油则提供了优质脂肪酸，有助于心血管健康。

**主要食材**：
- 意面 100克
- 罗勒叶 30克
- 松子 10克
- 橄榄油 30毫升
- 蒜瓣 1个
- 干酪粉 适量
- 食盐 适量

**做法**：
1. 将罗勒叶、松子、蒜瓣、橄榄油和少许盐放入搅拌机中，打成青酱。
2. 意面煮熟后沥干，拌入青酱。
3. 撒上干酪粉即可食用。

**功效**：
这道意面能帮助疏肝理气、润燥补益，同时增强身体的抗病能力。

---

以上三道菜各具特色，既能满足味蕾，又能为身体提供多种营养。建议您根据个人口味和需求选择搭配，同时注意饮食的多样性。如果有任何健康问题或特殊饮食需求，建议咨询专业医生或营养师。
",2025-04-05T02:38:00.123Z
recommendation,您是否想探索更多结合番茄与春季时令食材的健康轻食食谱，或者尝试一些适合您口味的创意菜谱？,2025-04-05T02:40:11.346Z
apply,apply,2025-04-05T02:42:15.162Z
apply,apply,2025-04-05T02:47:28.438Z
apply,apply,2025-04-05T02:50:19.452Z
include,松子,2025-04-05T02:53:36.810Z
apply,apply,2025-04-05T02:53:38.292Z
chat,"
从现代医学和营养学的角度来看，松子是一种富含不饱和脂肪酸、维生素E和多种矿物质的坚果类食材。它不仅能为身体提供优质脂肪，还具有抗氧化、润燥和增强免疫力的作用。结合你提到的需求，我为你推荐了三道以松子为特色的意式青酱意面食谱。这些食谱不仅美味，还能帮助清热、健脾、理气，同时对缓解疲劳和提升皮肤健康也有一定益处。

以下是具体的食谱推荐：

### 意式罗勒青酱意面
这道意面以罗勒和松子为主要原料，搭配橄榄油和干酪，制作出香浓的青酱。松子富含维生素E和镁，能帮助抗氧化和维护心血管健康；罗勒则具有清热和舒缓情绪的作用。

**做法**：
1. 将罗勒叶、松子、橄榄油、大蒜和干酪粉放入搅拌机，打成细腻的青酱。
2. 意面煮熟后沥干，拌入青酱，撒少许盐调味即可。

**功效**：清热润燥、增强免疫力、缓解疲劳。

---

### 意式青酱意面
这道意面在经典青酱的基础上，加入了帕玛森奶酪粉，风味更加浓郁。松子的加入不仅提升了香气，还为身体提供了优质脂肪和蛋白质，有助于补益精力和舒缓疲劳。

**做法**：
1. 将罗勒叶、松子、帕玛森奶酪粉、大蒜和橄榄油混合，搅拌成青酱。
2. 煮熟的意面与青酱拌匀，撒上海盐即可。

**功效**：补益精力、健脾益气、增进食欲。

---

### 意大利青酱意面
这道意面以简单的罗勒青酱为主，突出松子的香气和罗勒的清新。它不仅能帮助清热和改善肤色，还具有一定的提神作用，非常适合在疲劳时食用。

**做法**：
1. 将罗勒叶、松子、橄榄油和蒜末混合，打成青酱。
2. 煮熟的意大利面拌入青酱，调入适量盐即可。

**功效**：清热醒脑、养颜润肤、改善暗沉肤色。

---

以上三道食谱都以松子为核心食材，搭配罗勒和橄榄油，既美味又健康。建议你根据自己的口味选择尝试，同时注意饮食均衡。如果有任何持续的不适症状，建议及时咨询医生以获取专业建议。
",2025-04-05T10:53:50.526833
